NAME,SPD,STR,AGL
0,0.82975,1.26155,1.0326
1,0.8499,0.83685,0.92117
2,1.21248,0.70026,0.8259
3,1.20595,1.11686,0.9951
4,0.94359,0.99545,0.75095
5,0.91583,0.91197,1.20209
6,0.74687,1.1616,1.28059
7,0.81654,0.81554,0.88073
8,0.81813,0.86836,0.89163
9,0.89699,1.01656,1.14001